AuthorID,Author,Date,Content,Attachments,Reactions
"687371829580660771","zflam","2021-11-09T16:43:21.0120000-05:00","As requested","",""
"505056710239715357","sameerskapur","2021-11-09T16:43:47.0700000-05:00","thank u boss","",""
"505056710239715357","sameerskapur","2021-11-09T16:44:03.0110000-05:00","let’s do a twitter drop","",""
"505056710239715357","sameerskapur","2021-11-09T16:44:05.2830000-05:00","https://twitter.com/sameerskapur","",""
"687371829580660771","zflam","2021-11-09T16:45:48.9010000-05:00","https://twitter.com/ianlam1","",""
"902554008374378566","zmel2892","2021-11-09T16:46:54.5140000-05:00","https://Twitter.com/zachmelloh26","",""
"687371829580660771","zflam","2021-11-09T16:57:53.8940000-05:00","https://twitter.com/BoilerChain","",""
"586600174768488467","uel2846","2021-11-09T18:33:50.9320000-05:00","just gave everybody a follow 👍🏾","",""
"837074430525046896","mlitz_42","2021-11-09T18:36:40.7700000-05:00","https://twitter.com/max_moncaster","",""
"299804796893003777","xtreme_ch","2021-11-09T22:26:33.4840000-05:00","https://twitter.com/kch0e","",""
"159985870458322944","MEE6#4876","2021-11-09T22:26:33.7910000-05:00","GG @Kevin Choe, you just advanced to level 1!","",""
"728072904142487584","ng6481","2021-11-10T14:48:20.0290000-05:00","https://twitter.com/ngaurav38","",""
"419933226287497216","nolimit36","2021-11-10T14:56:00.1960000-05:00","https://twitter.com/achintya__p","",""
"505056710239715357","sameerskapur","2021-11-23T12:18:23.6990000-05:00","https://twitter.com/Cooopahtroopa/status/1462994664215105543?s=20","",""
"505056710239715357","sameerskapur","2021-11-23T12:18:27.6800000-05:00","good thead","",""
"505056710239715357","sameerskapur","2021-11-23T12:18:30.7830000-05:00","thread","",""
"837074430525046896","mlitz_42","2021-12-16T12:07:52.3960000-05:00","A little levity https://twitter.com/lilmoonlambo/status/1471414312963125251?s=21","",""
"516008170897014785","saturn0134","2021-12-22T13:13:35.1040000-05:00","https://twitter.com/TheMattFarrow","",""
"700569741865254933","topang0x","2022-01-10T14:18:00.8220000-05:00","https://twitter.com/ppathole/status/1480358823588106241?s=12
Not blockchain related… but pretty incredible","",""
"700569741865254933","topang0x","2022-01-13T00:07:17.3360000-05:00","https://twitter.com/joey__santoro/status/1481364987129917444?s=12. 

crazy!!","",""
"700569741865254933","topang0x","2022-01-15T20:08:06.9950000-05:00","Notes ok different L1s very interesting! 
https://twitter.com/cmsintern/status/1482171812259708932?s=12","",""
"837074430525046896","mlitz_42","2022-01-16T11:42:03.5760000-05:00","Interesting thread. Def points to a multichain world in our future. Seems kind of inevitable given the sheer number of users aiming to be brought on board.","",""
"700569741865254933","topang0x","2022-01-16T16:24:51.6890000-05:00","Yeah! Cross-chain also going to explode this year... Amazing times to be in web3","",""
"837074430525046896","mlitz_42","2022-01-17T14:51:43.6130000-05:00","This story is wild: https://twitter.com/globeandmail/status/1483147260460507138?s=20","",""
"837074430525046896","mlitz_42","2022-01-17T14:51:58.6890000-05:00","Had never heard of Quadriga before","",""
"700569741865254933","topang0x","2022-01-17T18:08:44.7520000-05:00","Hahaha lmao","",""
"700569741865254933","topang0x","2022-01-17T18:08:53.6960000-05:00","I think its better that way lol","",""
"837074430525046896","mlitz_42","2022-01-21T21:45:59.2590000-05:00","https://twitter.com/aniketpkate/status/1484305077045276674","","🔥 (1)"
"700569741865254933","topang0x","2022-02-02T00:28:35.9330000-05:00","https://twitter.com/molson_hart/status/1488701353253875714?s=12","",""
"700569741865254933","topang0x","2022-02-02T00:33:27.7330000-05:00","What happens in this case? Bitcoin fork between US and non-US miners? Ban and refusal? Someone bailing out?","",""
"837074430525046896","mlitz_42","2022-02-02T12:52:54.0100000-05:00","https://twitter.com/dabit3/status/1488647294111125521?s=20&t=BAUtCKePvxhoS4EroESSIg","","🔥 (1)"
"837074430525046896","mlitz_42","2022-02-02T12:53:47.2310000-05:00","Epic thread - great opps. Maybe we can investigate as part of our #deleted-channel projects!","",""
"700569741865254933","topang0x","2022-02-02T15:56:36.8110000-05:00","Yup! Saw this... time to BUIDL I guess","",""
"570042611734282261","alnamkani","2022-02-02T21:02:56.8240000-05:00","https://twitter.com/shaanvp/status/1488964528691838976?s=21

Cool thread, and there is an excel sheet people can play with","","☝️ (1)"
"516008170897014785","saturn0134","2022-02-09T17:46:56.8320000-05:00","https://twitter.com/NFTGodMatt","",""
"737388952243142737","techevangelist.","2022-02-10T20:22:28.6010000-05:00","Hey everyone, I just wanted to introduce myself. My name is Kevin, I was almost a purdue alumni in computer science when my brother and I took a leave of absence to cofound a defi startup called Personafi. We are on the app store if anyone would like to check it out: https://apps.apple.com/us/app/personafi/id1566651425

We built PersonaFi to help people invest in their future, to help them achieve their financial goals and become a better investor and trader. We know that the future of investing is social. Why not start now. 

We have a ton of new features we are building on the blockchain for Personafi. That are really exciting! So, I want to be a source of help in any way I can for anyone here in the crypto space and hopefully with anything else if I can. 

Hopefully, we can win some people over who use twitter to start using Personafi in how they use social media to find information in crypto and stocks.","",""
"159985870458322944","MEE6#4876","2022-02-10T20:22:28.8130000-05:00","GG @techevangelist., you just advanced to level 1!","",""
"700569741865254933","topang0x","2022-02-10T21:28:55.6120000-05:00","Forbes SPAC: Binance, led by crypto billionaire, takes huge stake

https://www.cnbc.com/2022/02/10/forbes-spac-binance-led-by-the-worlds-richest-crypto-billionaire-is-taking-a-200-million-stake-in-forbes-.html","","👀 (2)"
"700569741865254933","topang0x","2022-03-18T19:25:23.7560000-04:00","Interesting…. https://twitter.com/pseudotheos/status/1504457560396468231?s=21","","🔥 (1)"
"700569741865254933","topang0x","2022-04-04T09:35:56.4650000-04:00","https://bctd.news/posts/metamask-announces-integration-with-apple-pay","",""
"700569741865254933","topang0x","2022-04-17T13:31:39.1560000-04:00","Interesting governance attack! How simple…

https://twitter.com/anthonyleezhang/status/1515702276396130307?s=12&t=YeRnSwUWm6aMlcCQt0Pdf","",""
"687371829580660771","zflam","2022-04-17T18:07:18.0150000-04:00","simple and ingenious","",""
"667535821544620073","andrewchen0028","2022-05-09T13:19:45.0420000-04:00","https://twitter.com/saylor/status/1523646766549434373?s=21&t=RyWGR5ZcluZK2aGXQP_ruQ","","🔥 (2)"
"700569741865254933","topang0x","2022-05-11T15:15:15.7130000-04:00","https://twitter.com/dystopiabreaker/status/1524303847396577280?s=12&t=Pv3-8XG036gOYmjuTG0F0Q

Lool","","😭 (1)"
"700569741865254933","topang0x","2022-05-13T11:43:44.1100000-04:00","Best thing in a while.....https://twitter.com/cryptanzee/status/1524344875575291904?s=21&t=S1Y4DUSs0lR50IV6x5XWNg","",""
"667535821544620073","andrewchen0028","2022-06-23T17:16:34.0560000-04:00","Lmao this guys memes are so funny
https://twitter.com/andrewchen0028/status/1540076952807038976?s=21&t=u1HiYLPrCfQ_nE-39xYccg","","😂 (2),DodgeDAPPs (1)"
"958960798905032766","Boiler Blockchain#3153","2022-07-15T18:10:15.8150000-04:00","Hey @everyone, **BoilerChain** just posted a new Tweet!
https://twitter.com/BoilerChain/status/1548067424821383172","","BBSticker (2)"
"317880746281009163","blockonomy","2022-07-20T04:40:06.6790000-04:00","Self-shill 

I have a Substack publication that does weekly post on crypto topic. If you’re interested or want me to cover specific topics do lmk 🙂

https://twitter.com/manoppomarco/status/1549673101499047937?s=21&t=R0CaOPGQoNpD-ZAHaabW0g

https://pensivepragmatism.substack.com/","","🔥 (1)"
"958960798905032766","Boiler Blockchain#3153","2022-08-03T12:10:57.9110000-04:00","Hey @everyone, **BoilerChain** just posted a new Tweet!
https://twitter.com/BoilerChain/status/1554862373445537795","",""
"958960798905032766","Boiler Blockchain#3153","2022-08-17T20:54:10.9980000-04:00","Hey @everyone, **BoilerChain** just posted a new Tweet!
https://twitter.com/BoilerChain/status/1560067474699288581","",""
"958960798905032766","Boiler Blockchain#3153","2022-08-25T01:22:17.0360000-04:00","Hey @everyone, **boilerblockchain** just posted a new shot! Go check it out!
https://www.instagram.com/p/Chqeyr7tHbv/","",""
"958960798905032766","Boiler Blockchain#3153","2022-08-28T21:30:24.7850000-04:00","Hey @everyone, **BoilerChain** just posted a new Tweet!
https://twitter.com/BoilerChain/status/1564062860422135808","",""
"958960798905032766","Boiler Blockchain#3153","2022-09-03T05:48:11.4270000-04:00","Hey @everyone, **boilerblockchain** just posted a new shot! Go check it out!
https://www.instagram.com/p/CiBwbYMODXh/","",""
"958960798905032766","Boiler Blockchain#3153","2022-09-03T05:48:21.7560000-04:00","Hey @everyone, **boilerblockchain** just posted a new shot! Go check it out!
https://www.instagram.com/p/CiByINBONVB/","",""
"958960798905032766","Boiler Blockchain#3153","2022-09-05T20:02:15.1930000-04:00","Hey @everyone, **boilerblockchain** just posted a new shot! Go check it out!
https://www.instagram.com/p/CiJOAVguVQz/","",""
"958960798905032766","Boiler Blockchain#3153","2022-09-08T18:47:03.6220000-04:00","Hey @everyone, **boilerblockchain** just posted a new shot! Go check it out!
https://www.instagram.com/p/CiQohQIPUlC/","",""
"958960798905032766","Boiler Blockchain#3153","2022-09-15T13:23:04.6340000-04:00","Hey @everyone, **boilerblockchain** just posted a new shot! Go check it out!
https://www.instagram.com/p/CiiMLCVLSkX/","",""
"958960798905032766","Boiler Blockchain#3153","2022-09-17T11:12:56.7250000-04:00","Hey @everyone, **BoilerChain** just posted a new Tweet!
https://twitter.com/BoilerChain/status/1571155226618478594","",""
"700569741865254933","topang0x","2022-09-18T13:31:29.9640000-04:00","https://twitter.com/ConsenSys/status/1571544692998692864?t=ASwQqv-zRSAmTQdSCijrrQ&s=33","","ETH (2)"
"958960798905032766","Boiler Blockchain#3153","2022-09-27T08:04:08.9290000-04:00","Hey @everyone, **boilerblockchain** just posted a new shot! Go check it out!
https://www.instagram.com/p/Ci_kr9ir8xn/","",""
"958960798905032766","Boiler Blockchain#3153","2022-09-29T12:21:21.8660000-04:00","Hey @everyone, **BoilerChain** just posted a new Tweet!
https://twitter.com/BoilerChain/status/1575521099265310722","","🔥 (3)"
"958960798905032766","Boiler Blockchain#3153","2022-11-08T09:30:57.3670000-05:00","Hey @everyone, **BoilerChain** just posted a new Tweet!
https://twitter.com/BoilerChain/status/1589988828609380354","",""
"958960798905032766","Boiler Blockchain#3153","2022-11-13T08:30:05.8150000-05:00","Hey @everyone, **BoilerChain** just posted a new Tweet!
https://twitter.com/BoilerChain/status/1591785452373127168","",""
"958960798905032766","Boiler Blockchain#3153","2022-11-15T23:07:20.2490000-05:00","Hey @everyone, **BoilerChain** just posted a new Tweet!
https://twitter.com/BoilerChain/status/1592730993160753152","",""
"958960798905032766","Boiler Blockchain#3153","2022-11-15T23:11:56.1790000-05:00","Hey @everyone, **BoilerChain** just posted a new Tweet!
https://twitter.com/BoilerChain/status/1592732149437714432","",""
"958960798905032766","Boiler Blockchain#3153","2022-11-16T12:05:04.5870000-05:00","Hey @everyone, **boilerblockchain** just posted a new shot! Go check it out!
https://www.instagram.com/p/ClBzYGgAfFj/","",""
"958960798905032766","Boiler Blockchain#3153","2022-12-06T18:41:54.0120000-05:00","Hey @everyone, **BoilerChain** just posted a new Tweet!
https://twitter.com/BoilerChain/status/1600274339043356673","",""
"958960798905032766","Boiler Blockchain#3153","2023-01-11T21:47:13.4370000-05:00","Hey @everyone, **boilerblockchain** just posted a new shot! Go check it out!
https://www.instagram.com/p/CnSkcjuJlbq/","",""
"958960798905032766","Boiler Blockchain#3153","2023-01-12T13:09:13.5750000-05:00","Hey @everyone, **BoilerChain** just posted a new Tweet!
https://twitter.com/BoilerChain/status/1613598966855208960","",""
"958960798905032766","Boiler Blockchain#3153","2023-01-17T17:11:05.8800000-05:00","Hey @everyone, **boilerblockchain** just posted a new shot! Go check it out!
https://www.instagram.com/p/CnhY2FVOC7G/","",""
"958960798905032766","Boiler Blockchain#3153","2023-03-09T01:35:32.4330000-05:00","Hey @everyone, **BoilerChain** just posted a new Tweet!
https://twitter.com/BoilerChain/status/1633718114452897792","","🔥 (5)"
"958960798905032766","Boiler Blockchain#3153","2023-03-30T04:22:00.6920000-04:00","Hey @everyone, **boilerblockchain** just posted a new shot! Go check it out!
https://www.instagram.com/p/CqZb2BJNZqt/","",""
"958960798905032766","Boiler Blockchain#3153","2023-04-06T12:28:51.0520000-04:00","Hey @everyone, **boilerblockchain** just posted a new shot! Go check it out!
https://www.instagram.com/p/Cqs47kPOI2_/","",""
"958960798905032766","Boiler Blockchain#3153","2023-04-11T09:15:02.7540000-04:00","Hey @everyone, **boilerblockchain** just posted a new shot! Go check it out!
https://www.instagram.com/p/Cq4Yy1yOBfQ/","",""
"958960798905032766","Boiler Blockchain#3153","2023-04-13T17:00:56.0830000-04:00","Hey @everyone, **boilerblockchain** just posted a new shot! Go check it out!
https://www.instagram.com/p/Cq_JWZyA9Ty/","",""
"958960798905032766","Boiler Blockchain#3153","2023-04-16T21:29:09.9310000-04:00","Hey @everyone, **boilerblockchain** just posted a new shot! Go check it out!
https://www.instagram.com/p/CrHf8g2JXa2/","",""
"958960798905032766","Boiler Blockchain#3153","2023-04-17T11:39:55.4480000-04:00","Hey @everyone, **BoilerChain** just posted a new Tweet!
https://twitter.com/BoilerChain/status/1647988045805678593","",""
"958960798905032766","Boiler Blockchain#3153","2023-04-17T22:58:22.8440000-04:00","Hey @everyone, **boilerblockchain** just posted a new shot! Go check it out!
https://www.instagram.com/p/CrJ1Z6pLReb/","","🔥 (1)"
"958960798905032766","Boiler Blockchain#3153","2023-04-19T16:45:06.4630000-04:00","Hey @everyone, **boilerblockchain** just posted a new shot! Go check it out!
https://www.instagram.com/p/CrOnALwONXJ/","",""
"958960798905032766","Boiler Blockchain#3153","2023-04-21T13:34:59.7060000-04:00","Hey @everyone, **boilerblockchain** just posted a new shot! Go check it out!
https://www.instagram.com/p/CrTiP7luA_L/","",""
"958960798905032766","Boiler Blockchain#3153","2023-08-27T22:17:05.7130000-04:00","Hey @everyone, **boilerblockchain** just posted a new shot! Go check it out!
https://www.instagram.com/p/CwdodjiP89J/","",""
"958960798905032766","Boiler Blockchain#3153","2023-08-30T22:21:04.4920000-04:00","Hey @everyone, **boilerblockchain** just posted a new shot! Go check it out!
https://www.instagram.com/p/CwlXBp5PyZz/","",""
"958960798905032766","Boiler Blockchain#3153","2023-09-06T05:38:54.6670000-04:00","Hey @everyone, **boilerblockchain** just posted a new shot! Go check it out!
https://www.instagram.com/p/Cw1jWSsuMPI/","",""
"958960798905032766","Boiler Blockchain#3153","2023-09-06T05:38:58.9850000-04:00","Hey @everyone, **boilerblockchain** just posted a new shot! Go check it out!
https://www.instagram.com/p/Cw1jwXaOwQY/","",""
"958960798905032766","Boiler Blockchain#3153","2023-09-06T22:59:35.2960000-04:00","Hey @everyone, **boilerblockchain** just posted a new shot! Go check it out!
https://www.instagram.com/p/Cw3x4PDroGP/","",""
"958960798905032766","Boiler Blockchain#3153","2023-10-04T00:31:22.2660000-04:00","Hey @everyone, **boilerblockchain** just posted a new shot! Go check it out!
https://www.instagram.com/p/Cx9WBAhNBor/","",""
"958960798905032766","Boiler Blockchain#3153","2023-10-04T00:31:42.4070000-04:00","Hey @everyone, **boilerblockchain** just posted a new shot! Go check it out!
https://www.instagram.com/p/Cx9ZJ7qNFAJ/","",""
"958960798905032766","Boiler Blockchain#3153","2023-10-11T02:30:23.8620000-04:00","Hey @everyone, **BoilerChain** just posted a new Tweet!
<https://twitter.com/BoilerChain/status/1711990950149472435>","",""
"958960798905032766","Boiler Blockchain#3153","2023-10-11T02:30:29.0850000-04:00","Hey @everyone, **BoilerChain** just posted a new Tweet!
<https://twitter.com/BoilerChain/status/1711991175316447259>","",""
"958960798905032766","Boiler Blockchain#3153","2023-10-11T02:30:29.6950000-04:00","Hey @everyone, **BoilerChain** just posted a new Tweet!
<https://twitter.com/BoilerChain/status/1711991536043388977>","",""
"958960798905032766","Boiler Blockchain#3153","2023-10-11T02:58:25.5160000-04:00","Hey @everyone, **BoilerChain** just posted a new Tweet!
<https://twitter.com/BoilerChain/status/1711993246870585380>","",""
"958960798905032766","Boiler Blockchain#3153","2023-10-15T20:36:06.6370000-04:00","Hey @everyone, **boilerblockchain** just posted a new shot! Go check it out!
https://www.instagram.com/p/Cyb7vt6LLCJ/","",""
"958960798905032766","Boiler Blockchain#3153","2023-10-18T22:59:41.6370000-04:00","Hey @everyone, **BoilerChain** just posted a new Tweet!
<https://twitter.com/BoilerChain/status/1714830770932449687>","",""
"958960798905032766","Boiler Blockchain#3153","2023-10-22T06:28:23.5520000-04:00","Hey @everyone, **BoilerChain** just posted a new Tweet!
<https://twitter.com/BoilerChain/status/1716034835527946431>","",""
"958960798905032766","Boiler Blockchain#3153","2023-10-22T06:28:32.8160000-04:00","Hey @everyone, **BoilerChain** just posted a new Tweet!
<https://twitter.com/BoilerChain/status/1716034937881493991>","",""
"958960798905032766","Boiler Blockchain#3153","2023-10-22T06:28:33.4130000-04:00","Hey @everyone, **BoilerChain** just posted a new Tweet!
<https://twitter.com/BoilerChain/status/1716035026922385899>","",""
"958960798905032766","Boiler Blockchain#3153","2023-10-22T06:28:34.0490000-04:00","Hey @everyone, **BoilerChain** just posted a new Tweet!
<https://twitter.com/BoilerChain/status/1716035633267851407>","",""
"958960798905032766","Boiler Blockchain#3153","2023-10-22T06:28:35.6860000-04:00","Hey @everyone, **BoilerChain** just posted a new Tweet!
<https://twitter.com/BoilerChain/status/1716035735319392529>","",""
"958960798905032766","Boiler Blockchain#3153","2023-10-22T06:28:36.4080000-04:00","Hey @everyone, **BoilerChain** just posted a new Tweet!
<https://twitter.com/BoilerChain/status/1716035961404928106>","",""
"958960798905032766","Boiler Blockchain#3153","2023-10-22T06:28:38.5600000-04:00","Hey @everyone, **BoilerChain** just posted a new Tweet!
<https://twitter.com/BoilerChain/status/1716036046889038232>","",""
"958960798905032766","Boiler Blockchain#3153","2023-10-22T06:28:39.2460000-04:00","Hey @everyone, **BoilerChain** just posted a new Tweet!
<https://twitter.com/BoilerChain/status/1716036310958239949>","",""
"958960798905032766","Boiler Blockchain#3153","2023-10-22T09:25:48.1750000-04:00","Hey @everyone, **boilerblockchain** just posted a new shot! Go check it out!
https://www.instagram.com/p/Cys2UNOOsFh/","",""
"958960798905032766","Boiler Blockchain#3153","2023-11-03T18:47:57.5540000-04:00","Hey @everyone, **BoilerChain** just posted a new Tweet!
<https://twitter.com/BoilerChain/status/1720568682085040587>","",""
"958960798905032766","Boiler Blockchain#3153","2023-11-03T18:48:00.0780000-04:00","Hey @everyone, **BoilerChain** just posted a new Tweet!
<https://twitter.com/BoilerChain/status/1720568809059209516>","",""
"958960798905032766","Boiler Blockchain#3153","2023-11-03T18:48:00.6830000-04:00","Hey @everyone, **BoilerChain** just posted a new Tweet!
<https://twitter.com/BoilerChain/status/1720568886095917537>","",""
"958960798905032766","Boiler Blockchain#3153","2023-11-03T18:48:01.5630000-04:00","Hey @everyone, **BoilerChain** just posted a new Tweet!
<https://twitter.com/BoilerChain/status/1720568962503598421>","",""
"958960798905032766","Boiler Blockchain#3153","2023-11-03T18:48:02.3020000-04:00","Hey @everyone, **BoilerChain** just posted a new Tweet!
<https://twitter.com/BoilerChain/status/1720569026605170712>","",""
"958960798905032766","Boiler Blockchain#3153","2023-11-03T18:48:03.1450000-04:00","Hey @everyone, **BoilerChain** just posted a new Tweet!
<https://twitter.com/BoilerChain/status/1720569088286539916>","",""
"958960798905032766","Boiler Blockchain#3153","2023-11-03T20:22:39.2970000-04:00","Hey @everyone, **boilerblockchain** just posted a new shot! Go check it out!
https://www.instagram.com/p/CzMz3sXpeji/","",""
"958960798905032766","Boiler Blockchain#3153","2023-12-13T19:54:08.8490000-05:00","Hey @everyone, **boilerblockchain** just posted a new shot! Go check it out!
https://www.instagram.com/p/C0zwAFcPpKl/","",""
"958960798905032766","Boiler Blockchain#3153","2024-01-13T19:02:55.9300000-05:00","Hey @everyone, **boilerblockchain** just posted a new shot! Go check it out!
https://www.instagram.com/p/C2DY6SFJHuR/","",""
"958960798905032766","Boiler Blockchain#3153","2024-01-16T21:00:22.5720000-05:00","Hey @everyone, **boilerblockchain** just posted a new shot! Go check it out!
https://www.instagram.com/p/C2LVX6bpUnP/","",""
"958960798905032766","Boiler Blockchain#3153","2024-01-21T22:52:12.5620000-05:00","Hey @everyone, **boilerblockchain** just posted a new shot! Go check it out!
https://www.instagram.com/p/C2YX3xHrHFW/","",""
"958960798905032766","Boiler Blockchain#3153","2024-02-01T12:44:28.6080000-05:00","Hey @everyone, **boilerblockchain** just posted a new shot! Go check it out!
https://www.instagram.com/p/C2zvfJErMx6/","",""
"958960798905032766","Boiler Blockchain#3153","2024-02-01T12:44:38.1030000-05:00","Hey @everyone, **boilerblockchain** just posted a new shot! Go check it out!
https://www.instagram.com/p/C2zwGLJrwoQ/","",""
"958960798905032766","Boiler Blockchain#3153","2024-02-01T12:44:38.6340000-05:00","Hey @everyone, **boilerblockchain** just posted a new shot! Go check it out!
https://www.instagram.com/p/C2zwc1KLx3H/","",""
"958960798905032766","Boiler Blockchain#3153","2024-02-12T20:13:07.2760000-05:00","Hey @everyone, **BoilerChain** just posted a new Tweet!
<https://twitter.com/BoilerChain/status/1757204790633775108>","",""
"958960798905032766","Boiler Blockchain#3153","2024-02-12T20:13:08.4260000-05:00","Hey @everyone, **BoilerChain** just posted a new Tweet!
<https://twitter.com/BoilerChain/status/1757206045137519043>","",""
"958960798905032766","Boiler Blockchain#3153","2024-02-12T20:13:09.4480000-05:00","Hey @everyone, **BoilerChain** just posted a new Tweet!
<https://twitter.com/BoilerChain/status/1757206050749517991>","",""
"649469511749337089","jay_albert","2024-02-14T12:15:38.1910000-05:00","Join Chainsafe's CPO Greg, Echelon's Emissary Prime bEw, Parallel's Director of Growth and Partnerships Frank, and Chainsafe's Product Manager Colin as we take you through a crash course on in-game marketplaces. 🎮🕹️

https://twitter.com/ChainSafeGaming/status/1757076581543989606","","🔥 (1)"
"649469511749337089","jay_albert","2024-02-28T17:20:32.2140000-05:00","If anyone wishes they had a ticket to GDC, set your notifications for Chainsafe Gaming's twitter page! We'll be giving away tickets over the next week. https://x.com/ChainSafeGaming/status/1762958188041601148?s=20","",""
"958960798905032766","Boiler Blockchain#3153","2024-03-01T08:59:39.9670000-05:00","Hey @everyone, **BoilerChain** just posted a new Tweet!
<https://twitter.com/BoilerChain/status/1763563804980330753>","",""
"958960798905032766","Boiler Blockchain#3153","2024-03-01T08:59:50.0330000-05:00","Hey @everyone, **BoilerChain** just posted a new Tweet!
<https://twitter.com/BoilerChain/status/1763563808805577190>","",""
"958960798905032766","Boiler Blockchain#3153","2024-03-03T21:33:10.9420000-05:00","Hey @everyone, **boilerblockchain** just posted a new shot! Go check it out!
https://www.instagram.com/p/C4EarAYP-NT/","",""
"649469511749337089","jay_albert","2024-03-06T15:41:35.6670000-05:00","Hi everyone! Join us, Nitro League, and Undead Blocks as we rewrite the rules for web3 gaming!

Featuring ChainSafe's Colin Schwarz & Jay Albert, @BlucollarCrypt0, and Kyle Gordon, Head of BD @ Undead Blocks🔥

⏰ March 7 at 12:00 pm ET
🚨 Set your reminder 👇
https://twitter.com/ChainSafeGaming/status/1764971150382117222","",""
"958960798905032766","Boiler Blockchain#3153","2024-03-06T23:00:48.3810000-05:00","Hey @everyone, **BoilerChain** just posted a new Tweet!
<https://twitter.com/BoilerChain/status/1765581320887939358>","",""
"958960798905032766","Boiler Blockchain#3153","2024-03-06T23:00:49.4390000-05:00","Hey @everyone, **BoilerChain** just posted a new Tweet!
<https://twitter.com/BoilerChain/status/1765581324914430428>","",""
"958960798905032766","Boiler Blockchain#3153","2024-03-12T10:21:07.7330000-04:00","Hey @everyone, **BoilerChain** just posted a new Tweet!
<https://twitter.com/BoilerChain/status/1767551965481857360>","",""
"958960798905032766","Boiler Blockchain#3153","2024-03-12T10:21:23.1970000-04:00","Hey @everyone, **BoilerChain** just posted a new Tweet!
<https://twitter.com/BoilerChain/status/1767551973790789673>","",""
"958960798905032766","Boiler Blockchain#3153","2024-03-12T10:21:24.0520000-04:00","Hey @everyone, **BoilerChain** just posted a new Tweet!
<https://twitter.com/BoilerChain/status/1767551975342628992>","",""
"617176279241981973","ethan_haeberle","2024-03-12T10:49:21.5640000-04:00","Hey all, we could really use your support on this grant proposal, please show some love!! Thank you! ^^^","",""
"958960798905032766","Boiler Blockchain#3153","2024-03-13T21:56:03.2840000-04:00","Hey @everyone, **BoilerChain** just posted a new Tweet!
<https://twitter.com/BoilerChain/status/1768089308357910975>","",""
"958960798905032766","Boiler Blockchain#3153","2024-03-13T21:56:08.2310000-04:00","Hey @everyone, **BoilerChain** just posted a new Tweet!
<https://twitter.com/BoilerChain/status/1768089311746925021>","",""
"958960798905032766","Boiler Blockchain#3153","2024-04-03T19:31:49.3980000-04:00","Hey @everyone, **BoilerChain** just posted a new Tweet!
<https://twitter.com/BoilerChain/status/1775660401251782811>","",""
"958960798905032766","Boiler Blockchain#3153","2024-04-03T19:31:50.2830000-04:00","Hey @everyone, **BoilerChain** just posted a new Tweet!
<https://twitter.com/BoilerChain/status/1775660408856039839>","",""
"958960798905032766","Boiler Blockchain#3153","2024-04-03T19:31:50.9640000-04:00","Hey @everyone, **BoilerChain** just posted a new Tweet!
<https://twitter.com/BoilerChain/status/1775660413624914195>","",""
"649469511749337089","jay_albert","2024-04-08T16:32:42.4620000-04:00","Tomorrow at 11AM ET! Join ChainSafe Gaming, Isotopic, Hangry Animals, Cometh, Cosmik Battle, and Nitro League as we talk about our onchain scavenger hunt at GDC! 🗺️🎁

https://twitter.com/ChainSafeGaming/status/1777368323203772610","",""
"958960798905032766","Boiler Blockchain#3153","2024-04-08T16:32:42.7220000-04:00","GG @Jay Albert | Midnight Network, you just advanced to level 1!","",""
"958960798905032766","Boiler Blockchain#3153","2024-04-09T09:03:25.5310000-04:00","Hey @everyone, **boilerblockchain** just posted a new shot! Go check it out!
https://www.instagram.com/p/C5gkgRkgMr1/","",""
"958960798905032766","Boiler Blockchain#3153","2024-04-30T17:48:04.3050000-04:00","Hey @everyone, **BoilerChain** just posted a new Tweet!
<https://twitter.com/BoilerChain/status/1785417838540292200>","",""
"958960798905032766","Boiler Blockchain#3153","2024-04-30T22:10:27.8600000-04:00","Hey @everyone, **BoilerChain** just posted a new Tweet!
<https://twitter.com/BoilerChain/status/1785490725209067725>","",""
"958960798905032766","Boiler Blockchain#3153","2024-08-07T12:47:01.4040000-04:00","Hey @everyone, **boilerblockchain** just posted a new shot! Go check it out!
https://www.instagram.com/p/C-X2W6Yzdl0/","",""
"958960798905032766","Boiler Blockchain#3153","2024-08-11T13:51:26.5130000-04:00","Hey @everyone, **boilerblockchain** just posted a new shot! Go check it out!
https://www.instagram.com/p/C-ichVazJpZ/","",""
"958960798905032766","Boiler Blockchain#3153","2024-08-15T22:12:08.1320000-04:00","Hey @everyone, **boilerblockchain** just posted a new shot! Go check it out!
https://www.instagram.com/p/C-tG5pFSOz7/","",""
"958960798905032766","Boiler Blockchain#3153","2024-08-24T19:25:23.0340000-04:00","Hey @everyone, **boilerblockchain** just posted a new shot! Go check it out!
https://www.instagram.com/p/C_EavxoSxPI/","",""
"958960798905032766","Boiler Blockchain#3153","2024-08-24T21:27:24.5740000-04:00","Hey @everyone, **boilerblockchain** just posted a new shot! Go check it out!
https://www.instagram.com/p/C_EqMGyJAku/","",""
"958960798905032766","Boiler Blockchain#3153","2024-09-04T12:27:30.4940000-04:00","Hey @everyone, **boilerblockchain** just posted a new shot! Go check it out!
https://www.instagram.com/p/C_gG7X_g_rT/","",""
"958960798905032766","Boiler Blockchain#3153","2024-10-09T16:28:35.0870000-04:00","Hey @everyone, **boilerblockchain** just posted a new shot! Go check it out!
https://www.instagram.com/p/DA6GwewpFvH/","",""
"958960798905032766","Boiler Blockchain#3153","2024-10-18T15:48:01.3320000-04:00","Hey @everyone, **boilerblockchain** just posted a new shot! Go check it out!
https://www.instagram.com/p/DBRxeNZyCWS/","",""
"958960798905032766","Boiler Blockchain#3153","2024-10-24T15:57:42.1710000-04:00","Hey @everyone, **BoilerChain** just posted a new Tweet!
<https://twitter.com/BoilerChain/status/1849532886363386299>","",""
"958960798905032766","Boiler Blockchain#3153","2024-10-31T21:15:31.6060000-04:00","Hey @everyone, **boilerblockchain** just posted a new shot! Go check it out!
https://www.instagram.com/p/DBzY40Wyotc/","",""
"958960798905032766","Boiler Blockchain#3153","2024-11-05T11:33:00.3930000-05:00","Hey @everyone, **BoilerChain** just posted a new Tweet!
<https://twitter.com/BoilerChain/status/1853837345390539030>","",""
"958960798905032766","Boiler Blockchain#3153","2024-11-09T07:10:32.8610000-05:00","Hey @everyone, **BoilerChain** just posted a new Tweet!
<https://twitter.com/BoilerChain/status/1855220518405693878>","",""
"958960798905032766","Boiler Blockchain#3153","2024-11-11T13:29:04.0550000-05:00","Hey @everyone, **BoilerChain** just posted a new Tweet!
<https://twitter.com/BoilerChain/status/1856000047088804333>","","🔥 (2)"
"958960798905032766","Boiler Blockchain#3153","2024-11-18T15:49:42.7650000-05:00","Hey @everyone, **BoilerChain** just posted a new Tweet!
<https://twitter.com/BoilerChain/status/1858606065597776096>","",""
"958960798905032766","Boiler Blockchain#3153","2024-12-23T17:11:56.2690000-05:00","Hey @everyone, **boilerblockchain** just posted a new shot! Go check it out!
https://www.instagram.com/p/DD74-qjzcn8/","","🔥 (1)"
"958960798905032766","Boiler Blockchain#3153","2024-12-30T10:51:34.6790000-05:00","Hey @everyone, **BoilerChain** just posted a new Tweet!
<https://twitter.com/BoilerChain/status/1873751310719488187>","","🔥 (2)"
"958960798905032766","Boiler Blockchain#3153","2025-01-16T12:07:28.8900000-05:00","Hey @everyone, **BoilerChain** just posted a new Tweet!
<https://twitter.com/BoilerChain/status/1879937123652157866>","","🔥 (1),💙 (1)"
"958960798905032766","Boiler Blockchain#3153","2025-01-16T14:28:54.3420000-05:00","Hey @everyone, **boilerblockchain** just posted a new shot! Go check it out!
https://www.instagram.com/p/DE5TzDMxV6U/","","🔥 (1)"
"958960798905032766","Boiler Blockchain#3153","2025-01-23T11:09:13.8600000-05:00","Hey @everyone, **BoilerChain** just posted a new Tweet!
<https://twitter.com/BoilerChain/status/1882453433112035744>","","🔥 (1),💙 (1),BBSticker (2),BBHat (1),TheBox (1),TheP (2),ETH (1),DodgeDAPPs (1),CryptoCafe (1)"
"958960798905032766","Boiler Blockchain#3153","2025-01-30T12:43:20.1660000-05:00","Hey @everyone, **BoilerChain** just posted a new Tweet!
<https://twitter.com/BoilerChain/status/1885020258261438662>","","BBHat (1),BBSticker (1),CryptoCafe (1),DodgeDAPPs (1),ETH (2),SOL (1),TheBox (1),TheP (1)"
"958960798905032766","Boiler Blockchain#3153","2025-01-31T15:21:28.8130000-05:00","Hey @everyone, **BoilerChain** just posted a new Tweet!
<https://twitter.com/BoilerChain/status/1885415772547158184>","","🔥 (1)"
"958960798905032766","Boiler Blockchain#3153","2025-02-17T19:49:05.5060000-05:00","Hey @everyone, **boilerblockchain** just posted a new shot! Go check it out!
https://www.instagram.com/p/DGLu8oFp-eo/","","BBHat (1),BBSticker (2),CryptoCafe (1),ETH (1),TheBox (1),TheP (1),SOL (1),🔥 (2),✅ (2)"
"958960798905032766","Boiler Blockchain#3153","2025-03-08T21:06:01.6120000-05:00","Hey @everyone, **BoilerChain** just posted a new Tweet!
<https://twitter.com/BoilerChain/status/1898549905687232621>","","🚀 (2)"
"958960798905032766","Boiler Blockchain#3153","2025-03-11T18:22:04.1260000-04:00","Hey @everyone, **boilerblockchain** just posted a new shot! Go check it out!
https://www.instagram.com/p/DHETm5xPooj/","","🔥 (3)"
"958960798905032766","Boiler Blockchain#3153","2025-03-18T16:23:19.5070000-04:00","Hey @everyone, **BoilerChain** just posted a new Tweet!
<https://twitter.com/BoilerChain/status/1902087912574845427>","","🔥 (2)"
"958960798905032766","Boiler Blockchain#3153","2025-03-26T20:35:49.5900000-04:00","Hey @everyone, **boilerblockchain** just posted a new shot! Go check it out!
https://www.instagram.com/p/DHreAOLyrm4/","","🔥 (4)"
"958960798905032766","Boiler Blockchain#3153","2025-03-31T17:17:12.9890000-04:00","Hey @everyone, **BoilerChain** just posted a new Tweet!
<https://twitter.com/BoilerChain/status/1906817156798402757>","","🔥 (1)"
"958960798905032766","Boiler Blockchain#3153","2025-04-15T11:54:06.5630000-04:00","Hey @everyone, **BoilerChain** just posted a new Tweet!
<https://twitter.com/BoilerChain/status/1912165566850249133>","","🔥 (1)"
"649469511749337089","jay_albert","2025-04-15T16:28:06.5230000-04:00","Hey ya'll! If you have considered exploring Web3 game development, I made a GPT that breaks down smart contracts into the methods that are useful for game mechanics, and it gives you ideas for implementations. Let me now what you think. https://x.com/Jay_Albert_/status/1912176167777448291","","❤️ (2)"
"649469511749337089","jay_albert","2025-04-18T11:31:55.9860000-04:00","Hi! I just published this article on the future of X and generative AI. I would appreciate it if you shared it if you found it interesting. Let me know your thoughts.

LinkedIn: https://www.linkedin.com/feed/update/urn:li:activity:7319017444725907456/
Twitter: https://x.com/Jay_Albert_/status/1913251661260214376","",""
"958960798905032766","Boiler Blockchain#3153","2025-04-20T15:06:59.7180000-04:00","Hey @everyone, **boilerblockchain** just posted a new shot! Go check it out!
https://www.instagram.com/p/DIrekjZSCdd/","","🔥 (3)"
"958960798905032766","Boiler Blockchain#3153","2025-04-22T13:13:43.9130000-04:00","Hey @everyone, **BoilerChain** just posted a new Tweet!
<https://twitter.com/BoilerChain/status/1914726348276555904>","","🔥 (3)"
"958960798905032766","Boiler Blockchain#3153","2025-04-22T13:13:51.8900000-04:00","Hey @everyone, **BoilerChain** just posted a new Tweet!
<https://twitter.com/BoilerChain/status/1914726350625079545>","",""
"958960798905032766","Boiler Blockchain#3153","2025-04-24T14:43:30.5060000-04:00","Hey @everyone, **BoilerChain** just posted a new Tweet!
<https://twitter.com/BoilerChain/status/1915475488895619078>","","🔥 (1)"
"958960798905032766","Boiler Blockchain#3153","2025-04-27T13:39:55.7830000-04:00","Hey @everyone, **BoilerChain** just posted a new Tweet!
<https://twitter.com/BoilerChain/status/1916541783317631484>","","🔥 (1)"
"958960798905032766","Boiler Blockchain#3153","2025-04-29T12:02:45.3880000-04:00","Hey @everyone, **boilerblockchain** just posted a new shot! Go check it out!
https://www.instagram.com/p/DJB6CkoRwO-/","",""
"958960798905032766","Boiler Blockchain#3153","2025-04-29T13:34:29.8030000-04:00","Hey @everyone, **BoilerChain** just posted a new Tweet!
<https://twitter.com/BoilerChain/status/1917268600823636032>","",""
"958960798905032766","Boiler Blockchain#3153","2025-04-29T13:34:31.8440000-04:00","Hey @everyone, **BoilerChain** just posted a new Tweet!
<https://twitter.com/BoilerChain/status/1917268852175421505>","","🔥 (1)"
"958960798905032766","Boiler Blockchain#3153","2025-05-21T01:41:37.1910000-04:00","Hey @everyone, **BoilerChain** just posted a new Tweet!
<https://twitter.com/BoilerChain/status/1925059569018876338>","","🔥 (2)"
"958960798905032766","Boiler Blockchain#3153","2025-07-01T11:21:03.8050000-04:00","Hey @everyone, **BoilerChain** just posted a new Tweet!
<https://twitter.com/BoilerChain/status/1940067631916282070>","","🔥 (2)"
"958960798905032766","Boiler Blockchain#3153","2025-07-01T11:21:05.4010000-04:00","Hey @everyone, **BoilerChain** just posted a new Tweet!
<https://twitter.com/BoilerChain/status/1940067634470691305>","","1096bitcoin (1)"
"958960798905032766","Boiler Blockchain#3153","2025-07-01T17:28:14.5180000-04:00","Hey @everyone, **boilerblockchain** just posted a new shot! Go check it out!
https://www.instagram.com/p/DLkz-ylpKTc/","",""
"1401415896035098655","Boiler Blockchain#5742","2025-08-03T02:14:39.9670000-04:00","Hey @everyone, BoilerChain just posted a new Tweet!
https://twitter.com/BoilerChain/status/1922379033947279776","",""
"1401415896035098655","Boiler Blockchain#5742","2025-08-03T02:14:41.5620000-04:00","Hey @everyone, BoilerChain just posted a new Tweet!
https://twitter.com/BoilerChain/status/1925059569018876338","",""
"1401415896035098655","Boiler Blockchain#5742","2025-08-03T02:14:43.0850000-04:00","Hey @everyone, BoilerChain just posted a new Tweet!
https://twitter.com/BoilerChain/status/1940067631916282070","",""
"1401415896035098655","Boiler Blockchain#5742","2025-08-03T02:14:44.8670000-04:00","Hey @everyone, BoilerChain just posted a new Tweet!
https://twitter.com/BoilerChain/status/1940067634470691305","",""
"1401415896035098655","Boiler Blockchain#5742","2025-08-03T02:14:46.6230000-04:00","Hey @everyone, BoilerChain just posted a new Tweet!
https://twitter.com/BoilerChain/status/1951886588742426938","",""
"1401415896035098655","Boiler Blockchain#5742","2025-08-03T03:51:57.3930000-04:00","BoilerChain bot is live!","",""
"1401415896035098655","Boiler Blockchain#5742","2025-08-03T04:06:58.7000000-04:00","Hey @everyone, BoilerChain just posted a new Tweet!
https://twitter.com/BoilerChain/status/1922379033947279776","",""
"1401415896035098655","Boiler Blockchain#5742","2025-08-03T04:06:59.9910000-04:00","Hey @everyone, BoilerChain just posted a new Tweet!
https://twitter.com/BoilerChain/status/1925059569018876338","",""
"1401415896035098655","Boiler Blockchain#5742","2025-08-03T04:07:01.3390000-04:00","Hey @everyone, BoilerChain just posted a new Tweet!
https://twitter.com/BoilerChain/status/1940067631916282070","",""
"1401415896035098655","Boiler Blockchain#5742","2025-08-03T04:07:02.5760000-04:00","Hey @everyone, BoilerChain just posted a new Tweet!
https://twitter.com/BoilerChain/status/1940067634470691305","",""
"1401415896035098655","Boiler Blockchain#5742","2025-08-03T04:07:03.8490000-04:00","Hey @everyone, BoilerChain just posted a new Tweet!
https://twitter.com/BoilerChain/status/1951914192220438667","",""
"398917474915057664","frostbow_","2025-10-02T11:54:01.5120000-04:00","https://x.com/MBC_Conference/status/1973777415039279163","","❤️ (1)"
"398917474915057664","frostbow_","2025-10-22T18:34:33.9790000-04:00","https://x.com/BoilerChain/status/1981126841105863006","",""
